"Inv-No","contractID","Inv-Date","Amount","USD$","Currency","Inv-Details","Inv-Status","Inv-Type","VAT?","Pay-Date","report","R-.","R-$"
0,79,1/2/2018 0:00:00,2000,,"EGP","In advance admin fees for case no. 9886/2014 (without invoice)","Paid","Expenses",0,24/2/2018 0:00:00,0,0,
25,147,11/2/2013 0:00:00,250000,,"EGP","Our legal service fees (USD 50,000) for the cases related to disputes with customes authority","Paid","Service",0,2/2/2016 0:00:00,0,0,
30,154,19/2/2013 0:00:00,6000,,"USD","Our legal service fees for case no. 38 / 5j.","Paid","Service",0,,0,,
283,5,9/5/2010 0:00:00,10000,,"EGP","1st installment of our legal service fees for case no. 20792/64j.","Paid","Service",0,,0,,
383,7,22/11/2010 0:00:00,7500,,"EGP","1st installment of our legal fees for case no. 3792/2010","Paid","Service",0,,0,,
484,155,30/3/2011 0:00:00,50000,,"EGP","1st installment (for year 2011) of our legal fees for case no. 1598 / 2011.","Paid","Service",0,,0,,
559,150,11/8/2011 0:00:00,55000,,"EGP","1st installment of the 3 cases.","Paid","Service",0,,0,,
572,3,13/10/2011 0:00:00,20000,,"EGP","Our legal service fees for case no. 5188/2011.","Paid","Service",0,,0,,
725,157,26/6/2012 0:00:00,7500,,"USD","1st installment of our legal service fees.","Paid","Service",0,,0,,
778,157,4/10/2012 0:00:00,7500,,"USD","2nd installment of our legal service fees.","Paid","Service",0,,0,,
20024,153,30/5/2013 0:00:00,20000,,"EGP","1st installment of our legal service fees for case no. 55379 / 67j.","Paid","Service",0,,0,,
20075,8,11/7/2013 0:00:00,50000,,"EGP","Our leagl service fees for case no. 12938/65j.","Paid","Service",0,,0,,
20111,87,25/9/2013 0:00:00,12000,,"EGP","1st installment of our legal fees for case no. 2558 / 2013 + in advance admin fees for the case","Paid","Service",0,,0,0,
20135,85,27/10/2013 0:00:00,42000,,"EGP","1st installment of our legal fees for case no. 183 / 4j, + in advance admin fees for the case","Paid","Service",0,,0,0,
20136,85,27/10/2013 0:00:00,15000,,"EGP","1st installment of our legal fees for case no. 8252 / 83j","Paid","Service",0,,0,0,
20137,85,27/10/2013 0:00:00,15000,,"EGP","1st installment of our legal fees for case no. 16482 / 83j","Paid","Service",0,,0,0,
20167,74,3/12/2013 0:00:00,5000,,"EGP","Our legal service fees","Paid","Service",0,,0,,
20220,47,10/2/2014 0:00:00,23000,,"EGP","1st installment of our legal fees for cassation no. 169/84j + in advance admin fees","Partially Paid","Service",0,,0,,
20221,48,13/2/2014 0:00:00,43000,,"EGP","1st installment of our legal fees for case no. 6343/2013 + in advance admin fees","Paid","Service",0,13/2/2019 0:00:00,0,0,
20234,138,26/2/2014 0:00:00,10000,,"USD","1st installment of our legal services fees in relation to case no. 41490/68j.","Paid","Service",0,3/3/2014 0:00:00,0,,
20244,111,11/3/2014 0:00:00,20000,,"EGP","1st installmanet of our legal service fees (Aquatec) for case no. 280 / 2011.","Paid","Service",0,18/3/2014 0:00:00,0,,
20253,56,14/3/2014 0:00:00,23000,,"EGP","1st installment of our legal fees for case no. 858/2014 + in advance admin fees","Paid","Service",0,,0,0,
20254,152,14/3/2014 0:00:00,20000,,"EGP","1st installment of our legal service fees for cassation no. 2310/84j.","Paid","Service",0,,0,,
20276,155,10/4/2014 0:00:00,100000,,"EGP","2nd and 3rd installments (years 2012 and 2013) of our legal fees for case no. 1598 / 2011.","Paid","Service",0,,0,,
20310,120,8/6/2014 0:00:00,110000,,"EGP","1st installment of our legal service fees for cases against ""United Co. for Poultry Production"", + advanced admin fees","Paid","Service",0,9/6/2014 0:00:00,0,0,
20319,79,16/6/2014 0:00:00,20000,,"EGP","1st installment of our legal service fees for case no. 9886/2014.","Paid","Service",0,21/6/2014 0:00:00,0,0,
20334,158,30/6/2014 0:00:00,72000,,"EGP","1st installment (USD 10,000) of our legal service fees","Paid","Service",0,3/9/2014 0:00:00,0,,
20388,79,26/8/2014 0:00:00,25000,,"EGP","2nd installment of our legal service fees for case no. 9886/2014.","Paid","Service",0,1/9/2014 0:00:00,0,0,
20431,138,16/10/2014 0:00:00,14258,,"EGP","in advanced expenses fees (USD 2K)for Amicable settlement between the General Authority for Investment and Adham Foundation and Pioneers Holding","Unpaid","Expenses",0,,0,,
20433,64,16/10/2014 0:00:00,48000,,"USD","1st installment of our legal service fees for cases no. 320/6j & 335/7j","Paid","Service",0,,0,,
20436,86,16/10/2014 0:00:00,10000,,"EGP","1st installment of our legal service for case no. 26 / 5j","Paid","Service",0,,0,0,
20437,86,16/10/2014 0:00:00,2000,,"EGP","In advance admin fees for case no. 26 / 5j","Paid","Expenses",0,,0,0,
20440,59,16/10/2014 0:00:00,20000,,"EGP","1st installment of our legal service for cases no. 42992/68j, 826/6j & 10/2014","Paid","Service",0,,0,0,
20441,59,16/10/2014 0:00:00,2000,,"EGP","In advance admin fees for cases no. 42992/68j, 826/6j & 10/2014","Paid","Expenses",0,,0,0,
20487,148,16/12/2014 0:00:00,30000,,"EGP","1st installment of our legal services fees for cases no. 3745, 3774 / 2014.","Paid","Service",0,,0,,
20506,6,11/1/2015 0:00:00,20000,,"USD","1st installment of our legal services fees in relation to Case no. 39054 / 68 J.","Paid","Service",0,,0,,
20507,6,12/1/2015 0:00:00,3000,,"EGP","In advance admin fees for case no. 39054/68j.","Unpaid","Expenses",0,,0,,
20512,4,14/1/2015 0:00:00,25000,,"EGP","1st installment of our legal service fees for cases no. 55381/67j, 74232/62j.","Paid","Service",0,,0,0,
20516,83,21/1/2015 0:00:00,11000,,"USD","1st installment of our legal service fees for case no. 3804/2013 + in advance admin fees","Paid","Service",0,,0,0,
20528,154,12/2/2015 0:00:00,47800,,"USD","Our legal services fees 5% of total settlement reduced amount","Paid","Service",0,,0,,
20553,103,1/4/2015 0:00:00,15000,,"USD","1st installment of our legal service fees for case no. 57/2014.","Paid","Service",0,,0,0,
20555,103,1/4/2015 0:00:00,5000,,"EGP","In advance admin fees for case no. 57/2014","Paid","Expenses",0,30/1/2019 0:00:00,0,0,
20567,85,15/4/2015 0:00:00,20000,,"EGP","2nd installment of our legal fees for case no. 183 / 4j","Paid","Service",0,,0,0,
20569,20,16/4/2015 0:00:00,28000,,"EGP","1st installment of our legal fees, article (1), for dispute with Anwar Abd El-Salam + in advance admin fees","Paid","Service",0,,0,0,
20655,100,7/7/2015 0:00:00,30000,,"EGP","our legal service fees in relation to Litigation Case no. 8369 / 85J","Paid","Service",0,14/7/2015 0:00:00,0,0,
20659,49,12/7/2015 0:00:00,32000,,"EGP","1st installment of our legal fees for case no. 4324/2014 + in advance admin fees","Paid","Service",0,,0,0,
20665,100,15/7/2015 0:00:00,2000,,"EGP","In advance admin fees for cassation no. 8369/85j","Unpaid","Expenses",0,,0,0,
20679,80,1/5/2015 0:00:00,1600,,"EGP","Actual expenses for matter of investigation re workers' strike","Paid","Expenses",0,,0,0,
20680,80,6/1/2015 0:00:00,865,,"EGP","Actual expenses for May 2015","Paid","Expenses",0,,0,0,
20697,150,13/9/2015 0:00:00,15000,,"EGP","2nd installment of case no. 215/2012, against Nabil Costandy","Paid","Service",0,,0,,
20700,151,16/9/2015 0:00:00,20000,,"EGP","1st installment of our legal service fees for case no. 2677/60j.","Paid","Service",0,,0,,
20701,17,16/9/2015 0:00:00,20000,,"EGP","1st installment of our legal service fees","Paid","Service",0,,0,0,
20702,11,16/9/2015 0:00:00,20000,,"EGP","1st installment of our legal service fees for case no. 106872 / 61j.","Paid","Service",0,,0,,
20741,10,16/11/2015 0:00:00,20000,,"USD","1st  installment of our legal service fees in relation to Case No.:65/2014","Paid","Service",0,,0,,
20789,149,24/1/2016 0:00:00,27500,,"EGP","1st installment of our legal service fees for Cases No. 287/2013 & 239/2014","Paid","Service",1,,0,,
20791,69,26/1/2016 0:00:00,300000,,"EGP","our legal service fees for 2 years (2014-2015)","Paid","Service",0,27/1/2016 0:00:00,0,,
20807,151,14/2/2016 0:00:00,10000,,"EGP","2nd installment of our legal service fees for case no. 2677/60j.","Paid","Service",0,,0,,
20808,17,14/2/2016 0:00:00,10000,,"EGP","2nd installment of our legal service fees","Paid","Service",0,,0,0,
20809,11,14/2/2016 0:00:00,10000,,"EGP","2nd installment of our legal service fees for case no. 106872 / 61j.","Paid","Service",0,,0,,
20823,54,9/3/2016 0:00:00,20000,,"EGP","1st installment of our legal service fees in relation to cassation No.: 677 / 86J","Paid","Service",0,,0,,
20826,13,13/3/2016 0:00:00,30000,,"EGP","1st installment of our legal service fees for cases no. 5572/86j & 5577/86j.","Paid","Service",0,,0,,
20835,20,24/3/2016 0:00:00,25000,,"EGP","2nd installment of our legal fees, article (1), for dispute with Anwar Abd El-Salam","Paid","Service",0,,0,0,
20836,20,24/3/2016 0:00:00,28000,,"EGP","1st installment of our legal fees, article (2), for dispute with Anwar Abd El-Salam + in advance admin fees","Paid","Service",0,,0,0,
20840,14,29/3/2016 0:00:00,45000,,"EGP","1st installment of our legal service fees for case no. 1039/21j + in advance admin fees","Paid","Service",0,,0,0,
20886,80,20/12/2016 0:00:00,17012,,"EGP","Actual expenses from 1/1/2016 to 31/5/2016","Paid","Expenses",0,,0,0,
20889,17,12/6/2016 0:00:00,10000,,"EGP","3rd installment of our legal service fees","Paid","Service",0,,0,0,
20892,12,14/6/2016 0:00:00,32000,,"EGP","1st installment of our legal service fees for case no. 4003/2016 + In advance admin fees (EGP 2K).","Paid","Service",0,,0,,
20893,18,23/5/2016 0:00:00,6000,,"USD","1st installment of our legal service fees for case no. 63/133j, and in advance admin fees.","Paid","Service",0,,0,,
20902,15,19/7/2016 0:00:00,52000,,"EGP","1st installment of our legal service fees in relation to Case no. 630/2016. In addition of advanced admin fees (EGP 2,000)","Paid","Service",0,,0,,
20904,24,19/7/2016 0:00:00,52000,,"EGP","1st installment of our legal fees for case no.  411 / 2015, and its appeal no. 8358 / 21j","Paid","Service",0,,0,0,
20934,158,27/9/2016 0:00:00,146520,,"EGP","2nd installment (USD 15,000) of our legal service fees","Paid","Service",1,24/11/2016 0:00:00,0,,
20959,19,22/11/2016 0:00:00,44000,,"EGP","1st installment of our legal service fees in relation to case no. 807 / 2016","Paid","Service",1,,0,,
20979,72,12/12/2016 0:00:00,2222,,"EGP","Actual expenses for case no. 3023/2013","Paid","Expenses",0,,0,0,
20980,74,12/12/2016 0:00:00,2000,,"EGP","In advance admin fees for case no. 3024 / 2013","Paid","Expenses",0,10/7/2019 0:00:00,0,0,
20981,73,12/12/2016 0:00:00,2000,,"EGP","In advance admin fees for case no. 3226/2013","Paid","Expenses",0,,0,0,
21013,25,11/1/2017 0:00:00,88000,,"EGP","Our legal fees for Establishment of an Egyptian joint stock company called Libra.","Paid","Service",1,,0,0,
21014,25,11/1/2017 0:00:00,3000,,"EGP","In advance admin fees for Establishment of an Egyptian joint stock company called Libra.","Paid","Expenses",0,,0,0,
21023,26,29/1/2017 0:00:00,27500,,"EGP","our legal service fees in relation to case no. : 1798 / 2016","Paid","Service",1,,0,,
21024,26,29/1/2017 0:00:00,5000,,"EGP","in advance admin fees in relation to case no. : 1798 / 2016","Paid","Expenses",0,,0,,
21029,118,31/1/2017 0:00:00,30000,,"EGP","1st installment of our legal service fees for Case no. 1426/2014.","Paid","Service",0,13/9/2017 0:00:00,0,0,
21030,118,31/1/2017 0:00:00,5000,,"EGP","In advance admin fees for Case no. 1426 / 2014.","Paid","Expenses",0,13/9/2017 0:00:00,0,0,
21033,50,5/2/2017 0:00:00,33000,,"EGP","1st installment of our legal fees for case no. 595/2016","Paid","Service",1,,0,0,
21077,150,4/4/2017 0:00:00,20000,,"EGP","2nd installment of case no. 441/2012, against Saad Teliba","Paid","Service",0,,0,,
21079,27,10/4/2017 0:00:00,22000,,"EGP","Our legal service fees for appeal no. 9011/133j","Paid","Service",1,,0,,
21080,27,10/4/2018 0:00:00,537,,"EGP","Actual expenses for appeal no. 9011/133j","Paid","Expenses",0,,0,0,
21086,27,10/4/2017 0:00:00,5000,,"EGP","In advance admin fees for appeal no. 9011/133j","Paid","Expenses",0,,0,0,
21091,31,26/4/2017 0:00:00,11000,,"USD","1st installment of our legal service fees for cassations no. 8102, 8103, 8244 / 87j","Paid","Service",1,,0,0,
21094,32,26/4/2017 0:00:00,44000,,"EGP","1st installment of our legal service fees for Case No. 1817/21 J","Paid","Service",1,7/6/2017 0:00:00,0,,
21099,28,2/5/2017 0:00:00,55000,,"EGP","1st installment of our legal service fees","Paid","Service",1,,0,,
21101,29,2/5/2017 0:00:00,38500,,"EGP","1st installment of our legal service fees for Case No. 3897 / 2016","Paid","Service",1,7/6/2017 0:00:00,0,,
21104,31,27/6/2018 0:00:00,196429,,"EGP","2nd installment of our legal service fees for cassations no. 8102, 8103, 8244 / 87j [$11K]","Paid","Service",1,,0,0,
21127,55,13/6/2017 0:00:00,8250,,"EGP","2nd installment of our legal fees for appeal no. 760/16j","Paid","Service",1,,0,0,
21129,52,13/6/2017 0:00:00,44000,,"EGP","Our legal service fees for case no. 4702/2014","Paid","Service",1,,0,0,
21131,52,13/6/2017 0:00:00,33000,,"EGP","1st installment of our legal fees for case no. 4287/2014","Paid","Service",1,,0,0,
21132,52,13/6/2017 0:00:00,3500,,"EGP","In advance admin fees for case no. 4287/2014","Paid","Expenses",0,,0,0,
21133,53,13/6/2017 0:00:00,2475,,"USD","2nd installment of our legal fees for case no. 4933/2009","Paid","Service",1,,0,0,
21136,56,13/6/2017 0:00:00,11000,,"EGP","2nd installment of our legal fees for case no. 858/2014","Paid","Service",1,,0,0,
21137,16,13/6/2017 0:00:00,22000,,"EGP","1st installment of our legal fees for appeal no. 858 / 20j","Paid","Service",1,,0,0,
21138,16,13/6/2017 0:00:00,2000,,"EGP","In advance admin fees for appeal no. 858 / 20j","Paid","Expenses",0,,0,0,
21169,67,26/7/2017 0:00:00,41250,,"EGP","1st installment of our legal service fees for retainer agreement dated 1/7/2017","Paid","Service",1,,0,0,
21175,68,2/10/2017 0:00:00,242081,,"EGP","2nd installment of our legal service fees for retainer agreement started in 1/1/2017 (for the domestic factory branch)","Paid","Service",1,,0,0,
21176,68,2/10/2017 0:00:00,176059,,"EGP","2nd installment of our legal service fees for retainer agreement started in 1/1/2017 (for the free zone branch)","Paid","Service",0,8/1/2018 0:00:00,0,0,
21178,29,6/8/2017 0:00:00,16500,,"EGP","2nd installment of our legal service fees for Case No. 3897 / 2016","Paid","Service",1,28/9/2017 0:00:00,0,,
21179,32,6/8/2017 0:00:00,11000,,"EGP","2nd installment of our legal service fees for Case No. 1817/21 J","Paid","Service",1,28/9/2017 0:00:00,0,,
21191,33,30/8/2017 0:00:00,55000,,"EGP","Our legal service fees for cassation no. 13861/87j.","Paid","Service",1,,0,,
21203,4,19/9/2017 0:00:00,55000,,"EGP","2nd & 3rd installments of our legal service fees for cases no. 55381/67j, 74232/62j.","Paid","Service",1,,0,0,
21207,153,19/9/2017 0:00:00,20000,,"EGP","2nd installment of our legal service fees for case no. 55379 / 67j.","Paid","Service",0,,0,,
21219,38,11/10/2017 0:00:00,77000,,"EGP","1st installment of our legal service fees for case no 9 / 2018","Paid","Service",1,,0,,
21220,38,11/10/2017 0:00:00,7000,,"EGP","in advance admin fees in relation to  case no. 9 / 2018","Paid","Expenses",0,25/10/2017 0:00:00,0,0,
21224,67,2/1/2018 0:00:00,41250,,"EGP","2nd installment of our legal service fees for retainer agreement dated 1/7/2017","Paid","Service",1,,0,0,
21225,37,12/10/2017 0:00:00,25000,,"USD","1nd installment of our legal service fees","Paid","Service",0,26/10/2017 0:00:00,0,0,"0"
21226,37,29/10/2017 0:00:00,10000,,"EGP","in advance admin fees for appeal no. 10587/21j.","Paid","Expenses",0,29/10/2017 0:00:00,0,0,"0"
21233,36,20/11/2017 0:00:00,55000,,"EGP","Our legal fees for case no. 20/73j","Paid","Service",1,,0,0,
21234,36,20/11/2017 0:00:00,7000,,"EGP","In advance admin fees for case no. 20/73j","Paid","Expenses",0,,0,0,
21235,35,17/10/2017 0:00:00,33000,,"EGP","1st installment of our legal service fees for appeal no. 3924/21j.","Paid","Service",1,,0,0,
21237,34,17/10/2017 0:00:00,33000,,"EGP","1st installment of our legal service fees for case no. 5074 / 2017.","Paid","Service",1,,0,,
21239,46,17/10/2017 0:00:00,66000,,"EGP","1st installment of our legal fees for appeal no. 524/21j","Paid","Service",1,,0,0,
21240,46,17/10/2017 0:00:00,7000,,"EGP","In advance admin fees for appeal no. 524/21j","Paid","Expenses",0,,0,0,
21244,113,17/10/2017 0:00:00,55000,,"EGP","1st installment of our legal service fees for case no. 1344/2017","Paid","Service",1,,0,0,
21245,113,17/10/2017 0:00:00,5000,,"EGP","In advance admin fees for case no. 1344/2017","Paid","Expenses",0,,0,0,
21257,40,31/10/2017 0:00:00,33000,,"EGP","1st installment of our legal fees for case no. 439/2017","Paid","Service",1,,0,0,
21258,40,31/10/2017 0:00:00,5000,,"EGP","In advance admin fees for case no. 439/2017","Paid","Expenses",0,,0,0,
21259,114,31/10/2017 0:00:00,22000,,"EGP","1st installment of our legal service fees in relation to Appeal no. 354 / 21j","Paid","Service",1,,0,0,
21260,114,31/10/2017 0:00:00,2000,,"EGP","in advance admin fees in relation to Appeal no. 354 / 21j","Paid","Expenses",0,,0,0,
21261,42,31/10/2017 0:00:00,5500,,"USD","2nd installment of our legal service fees","Paid","Service",1,,0,,
21267,41,5/11/2017 0:00:00,110000,,"EGP","Our legal service fees for misdemeanors No. 666 / 2016  & 946 / 2013","Paid","Service",1,,0,,
21269,21,9/11/2017 0:00:00,132000,,"EGP","1st installment of our legal service fees for article No. 1, and 1st installment for article No. 2.","Unpaid",,1,,0,,
21272,45,13/11/2017 0:00:00,82500,,"EGP","Our legal fees for Procedures to stop approval of AGM decisions of Middle and West Delta Mills co. dated 27/9/2017. client paid EGP50K and the rest amout (EGP 32500) has been canceled","Paid","Service",1,7/3/2018 0:00:00,0,0,
21276,44,14/11/2017 0:00:00,550000,,"EGP","Our legal service fees in relation to Case no. 186 / 2017","Paid","Service",1,,0,,
21280,43,16/11/2017 0:00:00,33000,,"EGP","1st installment of our legal fees for case no. 1922/2017","Paid","Service",1,,0,0,
21281,43,16/11/2017 0:00:00,2000,,"EGP","In advance admin fees for case no. 1922/2017","Paid","Expenses",0,,0,0,
21289,80,27/6/2018 0:00:00,48940,,"EGP","Actual expenses from 1/6/2016 to 28/11/2017","Paid","Expenses",0,,0,0,
21291,156,3/12/2017 0:00:00,2500,,"EGP","1st installment of our legal service fees for cassations no. 16692/68j & 16047/87j","Paid","Service",0,,0,,
21292,67,5/12/2017 0:00:00,9600,,"EGP","Actual expenses for retainer agreement dated 1/7/2017, untill 5/12/2017, for many cases","Paid","Expenses",0,15/1/2018 0:00:00,0,0,
21293,23,5/12/2017 0:00:00,900,,"EGP","Actual expenses for the retainer agreement dated 1/7/2016, untill 5/12/2017.","Paid","Expenses",0,15/1/2018 0:00:00,0,0,
21304,57,19/12/2017 0:00:00,110000,,"EGP","1st installment of our legal sevice for cases no. 721, 722/2017","Paid","Service",1,28/5/2018 0:00:00,0,0,
21314,58,2/1/2018 0:00:00,33000,,"EGP","1st installment of our legal service for appeal no. 11048/134j","Paid","Service",1,28/1/2018 0:00:00,0,0,
21315,58,2/1/2018 0:00:00,3000,,"EGP","In advance admin fees for appeal no. 11048/134j","Paid","Expenses",0,,0,0,
21325,30,11/1/2018 0:00:00,12000,,"EGP","Actual expenses for case no. 843/3j","Paid","Expenses",0,,0,0,
21326,30,11/1/2018 0:00:00,38500,,"EGP","2nd installment of our legal fees for case no. 843/3j","Paid","Service",1,,0,0,
21327,61,14/1/2018 0:00:00,2000,,"USD","Our legal service for Legal Opinion re. the impact of new investment law no. 72 of 2017 on the company","Paid","Service",0,,0,0,
21328,43,16/1/2018 0:00:00,11000,,"EGP","2nd installment of our legal fees for case no. 1922/2017","Paid","Service",1,,0,0,
21329,22,17/1/2018 0:00:00,9468,,"EGP","actual expenses for cases no. 163/2016, 691/2016 & 152/2016.","Paid","Expenses",0,,0,0,
21330,64,17/1/2018 0:00:00,1399797,,"EGP","2nd installment of our legal service fees for cases no. 320/6j & 335/7j","Paid","Service",1,,0,0,
21331,64,17/1/2018 0:00:00,11614,,"EGP","Actual expenses for cases no. 320/6j & 335/7j","Paid","Expenses",0,,0,0,
21332,60,22/1/2018 0:00:00,22000,,"EGP","1st installment of our legal service for case no. 1676/21j","Paid","Service",1,,0,0,
21333,60,22/1/2018 0:00:00,2000,,"EGP","In advance admin fees for case no. 1676/21j","Paid","Expenses",0,,0,0,
21335,59,8/2/2018 0:00:00,22000,,"EGP","2nd installment of our legal service for cases no. 42992/68j, 826/6j & 10/2014","Paid","Service",1,,0,0,
21338,62,31/1/2018 0:00:00,11000,,"EGP","Our legal service for Attending a Meeting for General Assembly (MGA) scheduled at 21/02/2018.","Paid","Service",1,,0,0,
21339,2,26/11/2018 0:00:00,6033,,"EGP","Actual expenses till 8/2/2018","Paid","Expenses",0,30/12/2018 0:00:00,0,0,
21340,2,26/11/2018 0:00:00,3016,,"EGP","Actual expenses for years 2014 & 2015","Paid","Expenses",0,30/12/2018 0:00:00,0,0,
21342,63,5/2/2018 0:00:00,220000,,"EGP","Our legal service fees for Cassation case no. 1 / 88j","Paid","Service",1,,0,0,
21343,63,5/2/2018 0:00:00,10000,,"EGP","In advance admin fees for Cassation case no. 1 / 88j","Paid","Expenses",0,,0,0,
21352,39,26/2/2018 0:00:00,16500,," USD","1st installment of our legal fees for Public Prosecutor investigations about a tax evasion","Paid","Service",1,,0,0,
21353,39,26/2/2018 0:00:00,10000,,"EGP","In advance admin fees for Public Prosecutor investigations about a tax evasion","Paid","Expenses",0,,0,0,
21366,75,26/3/2018 0:00:00,82500,,"EGP","1st installment of our legal service fees for appeals no. 105,129/135j","Paid","Service",1,,0,0,
21367,75,26/3/2018 0:00:00,5000,,"EGP","In advance admin fees for appeals no. 105,129/135j","Paid","Expenses",0,,0,0,
21368,66,27/3/2018 0:00:00,33000,,"EGP","1st installment of our legal service fees for appeal no. 302/2018","Paid","Service",1,,0,0,
21369,66,27/3/2018 0:00:00,5000,,"EGP","In advance admin fees for appeal no. 302/2018","Paid","Expenses",0,,0,0,
21370,76,1/4/2018 0:00:00,11000,,"EGP","1st installment of our legal service fees for cassation no. 4602/88j","Paid","Service",1,,0,0,
21371,76,1/4/2018 0:00:00,27500,,"EGP","2nd installment of our legal service fees for cassation no. 4602/88j","Paid","Service",1,,0,0,
21372,76,1/4/2018 0:00:00,2000,,"EGP","In advance admin fees for cassation no. 4602/88j","Paid","Expenses",0,,0,0,
21375,77,3/4/2018 0:00:00,2750,,"USD","Our legal service fees for reviewing & amending contract of distribution the company products in South Africa","Paid","Service",1,,0,0,
21376,77,3/4/2018 0:00:00,500,,"USD","In advance admin fees for reviewing & amending contract of distribution the company products in South Africa","Paid","Expenses",0,,0,0,
21377,78,5/4/2018 0:00:00,27500,,"EGP","Our legal service fees for appeal no. 4711/135j","Paid","Service",1,,0,0,
21378,78,5/4/2018 0:00:00,5000,,"EGP","In advance admin fees for appeal no. 4711/135j","Paid","Expenses",0,,0,0,
21386,81,24/4/2018 0:00:00,572000,,"EGP","1st installment of our legal service fees for  cassation cases 5321,5428,5431,5461/88j","Paid","Service",1,,0,0,
21387,58,24/4/2018 0:00:00,11000,,"EGP","2nd installment of our legal service for appeal no. 11048/134j","Paid","Service",1,,0,0,
21388,40,24/4/2018 0:00:00,11000,,"EGP","2nd installment of our legal fees for case no. 439/2017","Paid","Service",1,,0,0,
21389,57,24/4/2018 0:00:00,22000,,"EGP","2nd installment of our legal sevice for cases no. 721, 722/2017","Paid","Service",1,,0,0,
21391,14,2/5/2018 0:00:00,22000,,"EGP","2nd installment of our legal service fees for case no. 1039/21j","Paid","Service",1,,0,0,
21393,14,2/5/2018 0:00:00,2500,,"EGP","Actual exenses for case no. 1039/21j","Paid","Expenses",0,,0,0,
21394,80,7/5/2018 0:00:00,20946,,"EGP","Actual expenses from 11/8/2017 to 30/4/2018","Paid","Expenses",0,,0,0,
21395,80,27/6/2018 0:00:00,13750,,"USD","1st installment of our legal service fees for retainer agreement started in 1/1/2018 (for domestic factor branch)","Paid","Service",1,12/7/2018 0:00:00,1,0,
21396,80,7/5/2018 0:00:00,10000,,"USD","1st installment of our legal service fees for retainer agreement started in 1/1/2018 (for free zone branch)","Paid","Service",0,12/7/2018 0:00:00,1,0,
21398,82,13/5/2018 0:00:00,192500,,"EGP","3rd & 4th installment of our legal service fees for retainer agreement started in 1/7/2017","Paid","Service",1,,0,0,
21399,82,13/5/2018 0:00:00,2105,,"EGP","Actual expenses from Jan 2017 to Apr 2018","Paid","Expenses",0,,0,0,
21403,82,13/5/2018 0:00:00,809,,"EGP","Actual expenses for 2016","Paid","Expenses",0,,0,0,
21404,57,14/5/2018 0:00:00,1996,,"EGP","Actual expenses for cases no. 721, 722/2017","Paid","Expenses",0,,0,0,
21408,65,23/5/2018 0:00:00,33000,,"EGP","1st installment of our legal service fees for appeal no. 302/2018","Partially Paid","Service",1,21/5/2018 0:00:00,0,3000,"EGP"
21409,65,23/5/2018 0:00:00,5000,,"EGP","In advance admin fees for appeal no. 302/2018","Unpaid","Expenses",0,,0,5000,"EGP"
21410,68,27/6/2018 0:00:00,5703,,"USD","Our legal service fees for 15.58 hours, re. corporate matters","Paid","Service",0,,0,0,
21412,83,4/7/2018 0:00:00,196183,,"EGP","2nd installment of our legal service fees for case no. 3804/2013 + in advance admin fees (USD 11000)","Paid","Service",1,,0,0,
21417,84,28/5/2018 0:00:00,4400,,"EGP","Legal fees of legal opinion about villa no. T120 owned by Khaled Said","Paid","Service",1,,0,0,
21422,24,5/6/2018 0:00:00,27500,,"EGP","2nd installment of our legal fees for case no.  411 / 2015, and its appeal no. 8358 / 21j","Paid","Service",1,,0,0,
21423,24,5/6/2018 0:00:00,2742,,"EGP","Actual expenses for case no.  411 / 2015, and its appeal no. 8358 / 21j","Paid","Expenses",0,,0,0,
21426,87,6/6/2018 0:00:00,11000,,"EGP","2nd installment of our legal fees for case no. 2558 / 2013","Paid","Service",1,,0,0,
21427,88,6/6/2018 0:00:00,5500,,"EGP","Our legal service fees for legal opinion about unit no. 1834 owned by Nagla' Hassab","Paid","Service",1,,0,0,
21428,86,6/6/2018 0:00:00,11000,,"EGP","2nd installment of our legal service for case no. 26 / 5j","Paid","Service",1,,0,0,
21429,67,6/6/2018 0:00:00,41250,,"EGP","3rd installment of our legal service fees for retainer agreement dated 1/7/2017","Paid","Service",1,,0,0,
21432,1,10/6/2018 0:00:00,6000,,"EGP","Actual expenses for case no. 644/2012","Unpaid","Expenses",0,,0,6000,"EGP"
21435,81,13/6/2018 0:00:00,220000,,"EGP","2nd installment of our legal service fees for  cassation cases 5321,5428,5431,5461/88j","Paid","Service",1,,0,0,
21436,81,13/6/2018 0:00:00,16710,,"EGP","Actual expenses for cassation cases 5321,5428,5431,5461/88j","Paid","Expenses",0,,0,0,
21437,85,14/6/2018 0:00:00,16500,,"EGP","2nd installment of our legal fees for case no. 8252 / 83j","Paid","Service",1,,0,0,
21446,89,9/7/2018 0:00:00,242000,,"EGP","Our legal service fees for cases No. 575 / 2018, 87 / 2018 & 567 / 2018","Paid","Service",1,,0,0,
21447,89,9/7/2018 0:00:00,20000,,"EGP","In advance admin fees for cases No. 575 / 2018, 87 / 2018 & 567 / 2018","Paid","Expenses",0,,0,0,
21448,90,11/7/2018 0:00:00,33000,,"EGP","Our legal service fees for appeal no. 4725/22j","Paid","Service",1,,0,0,
21451,94,15/7/2018 0:00:00,16500,,"USD","Our legal service fees for case no. 24326/72j & 2 grievances against FRA & EFSA","Paid","Service",1,17/7/2018 0:00:00,0,0,
21452,94,15/7/2018 0:00:00,5000,,"EGP","In advance admin fees for case no. 24326/72j & 2 grievances against FRA & EFSA","Paid","Expenses",0,,0,0,
21453,35,15/7/2018 0:00:00,11000,,"EGP","2nd installment of our legal service fees for appeal no. 3924/21j.","Paid","Service",1,,0,0,
21454,22,16/7/2018 0:00:00,1587,,"EGP","actual expenses for cases no. 163/2016, 691/2016 & 152/2016, through 16/07/2018.","Paid","Expenses",0,,0,0,
21455,95,25/7/2018 0:00:00,11000,,"EGP","Our legal service fees for legal opinion about a rent contract with X-Band Co.","Paid","Service",1,,0,0,
21456,60,25/7/2018 0:00:00,11000,,"EGP","2nd installment of our legal service for case no. 1676/21j","Paid","Service",1,12/11/2018 0:00:00,0,0,
21458,80,6/11/2018 0:00:00,178611,,"EGP","2nd installment (USD 10,000) of our legal service fees for retainer agreement started in 1/1/2018 (for free zone branch)","Paid","Service",0,22/11/2018 0:00:00,1,0,
21459,80,27/9/2018 0:00:00,245427,,"EGP","2nd installment of our legal service fees for retainer agreement started in 1/1/2018 (for domestic factor branch)","Paid","Service",1,10/10/2018 0:00:00,1,0,
21462,97,30/7/2018 0:00:00,27500,,"EGP","1st installment of our legal service fees for cassation no. 7099/88j.","Paid","Service",1,,0,0,
21463,97,30/7/2018 0:00:00,3000,,"EGP","In advance admin fees for cassation no. 7099/88j.","Paid","Expenses",0,,0,0,
21464,96,30/7/2018 0:00:00,27500,,"EGP","1st installment of our legal service fees for cassation no. 6785/88j.","Paid","Service",1,,0,0,
21465,96,30/7/2018 0:00:00,3000,,"EGP","In advance admin fees for cassation no. 6785/88j.","Paid","Expenses",0,,0,0,
21471,98,27/8/2018 0:00:00,44000,,"EGP","1st installment of our legal service fees for Case no. 66 / 135j, nullity of sports arbitration judgment for case no. 159 / 1j 2017, against Fouad Shoukry","Paid","Service",1,,0,0,
21472,98,27/8/2018 0:00:00,3000,,"EGP","In advance admin fees for Case no. 66 / 135j, nullity of sports arbitration judgment for case no. 159 / 1j 2017, against Fouad Shoukry","Paid","Expenses",0,,0,0,
21473,99,27/8/2018 0:00:00,7700,,"EGP","Our legal service fees for Legal opinion about 2 matters; 1) terminating rent contract & recovering the renting unit, 2) procedures of recovering units from non-paying clients","Paid","Service",1,,0,0,
21474,67,27/8/2018 0:00:00,41250,,"EGP","4th installment of our legal service fees for retainer agreement dated 1/7/2017","Paid","Service",1,,0,0,
21475,91,27/8/2018 0:00:00,192500,,"EGP","1st installment of our legal service fees for retainer agreement (articles 1 & 2)","Paid","Service",1,22/11/2018 0:00:00,0,0,
21483,101,12/9/2018 0:00:00,16500,,"USD","Our legal service fees for Filing a request at GAFI, to order an inspection against Yafa Mac Touristic Co. & Emirates Heights Co.","Paid","Service",1,10/10/2018 0:00:00,0,,
21484,101,12/9/2018 0:00:00,17849,,"EGP","In advance admin fees for Filing a request at GAFI, to order an inspection against Yafa Mac Touristic Co. & Emirates Heights Co.","Paid","Expenses",0,,0,0,
21485,90,13/9/2018 0:00:00,2500,,"EGP","In advance admin fees for appeal no. 4725/22j.","Paid","Expenses",0,,0,0,
21489,49,16/9/2018 0:00:00,11000,,"EGP","2nd installment of our legal fees for case no. 4324/2014","Paid","Service",1,,0,0,
21495,102,19/9/2018 0:00:00,110000,,"EGP","Our legal service fees for case no. 42/2018","Paid","Service",1,,0,0,
21496,103,27/9/2018 0:00:00,187508,,"EGP","2nd installment of our legal service fees for case no. 57/2014.","Paid","Service",1,30/1/2019 0:00:00,0,0,
21497,7,2/10/2018 0:00:00,8250,,"EGP","2nd installment of our legal fees for case no. 3792/2010","Paid","Service",1,3/2/2019 0:00:00,0,0,
21499,46,3/10/2018 0:00:00,22000,,"EGP","2nd installment of our legal fees for appeal no. 524/21j","Paid","Service",1,12/12/2018 0:00:00,0,0,
21502,104,14/10/2018 0:00:00,66000,,"EGP","1st installment of our legal service fees for case no. 3659/2018.","Paid","Service",1,3/2/2019 0:00:00,0,0,
21504,104,16/10/2018 0:00:00,3500,,"EGP","In advance admin fees for case no. 3659/2018","Paid","Expenses",0,3/2/2019 0:00:00,0,0,
21511,105,30/10/2018 0:00:00,110000,,"EGP","Our legal service fees for case no. 4072/2018","Paid","Service",1,26/12/2018 0:00:00,0,0,
21512,105,30/10/2018 0:00:00,3000,,"EGP","In advance admin fees for case no. 4072/2018","Paid","Expenses",0,26/12/2018 0:00:00,0,,
21514,106,13/12/2018 0:00:00,55000,,"EGP","Our legal service fees for Dispute against industrial development authority","Paid","Service",1,10/1/2019 0:00:00,0,0,
21515,106,13/12/2018 0:00:00,3000,,"EGP","In advance admin fees for Dispute against industrial development authority","Paid","Expenses",0,10/1/2019 0:00:00,0,0,
21517,107,6/11/2018 0:00:00,33000,,"EGP","1st installment of our legal service fees for appeal no. 5420/22j.","Paid","Service",1,3/2/2019 0:00:00,0,0,
21518,107,6/11/2018 0:00:00,3000,,"EGP","In advance admin fees for appeal no. 5420/22j.","Paid","Expenses",0,3/2/2019 0:00:00,0,0,
21520,92,11/11/2018 0:00:00,41250,,"EGP","1st installment of our legal service fees for retainer agreement dated 1/7/2018","Paid","Service",1,12/11/2018 0:00:00,0,0,
21524,16,15/11/2018 0:00:00,11000,,"EGP","2nd installment of our legal fees for appeal no. 858 / 20j","Paid","Service",1,3/2/2019 0:00:00,0,0,
21526,91,21/11/2018 0:00:00,10000,,"EGP","Actual expenses (EGP 4,621) + advanced admin fees (EGP 5,379) for retainer agreement dated July 1st, 2018.","Paid","Expenses",0,22/11/2018 0:00:00,0,0,
21529,80,13/2/2019 0:00:00,35368,,"EGP","Actual expenses till 31/10/2018","Paid","Expenses",0,13/2/2019 0:00:00,0,0,
21530,108,28/11/2018 0:00:00,393800,,"EGP","Our legal service fees in relation to Case No. 812 / 10j (USD 22,000)","Paid","Service",1,16/12/2018 0:00:00,0,0,
21531,108,28/11/2018 0:00:00,17861,,"EGP","in advance admin fees in relation to Case No. 812 / 10j (USD 1,000)","Paid","Expenses",0,16/12/2018 0:00:00,0,0,
21532,109,28/11/2018 0:00:00,5500,,"EGP","Our legal service fees for legal opinion re. The company right to ask for fees from buyers of land No. 12b04 (Mr. Amr Howeidy and his brothers), for putting signboards of their tenant","Paid","Service",1,28/3/2019 0:00:00,1,0,
21533,110,28/11/2018 0:00:00,5500,,"EGP","Our legal service fees for Legal opinion re. filing a case to terminate the contract of Mr. Hatem Kamal","Paid","Service",1,12/12/2018 0:00:00,1,0,
21535,111,2/12/2018 0:00:00,88000,,"EGP","1st installment of our additional legal service fees (Interplast) for case no. 280/2011","Paid","Service",1,2/5/2019 0:00:00,0,0,
21536,111,2/12/2018 0:00:00,5000,,"EGP","In advance admin fees for case no 280/2011","Paid","Expenses",0,,0,5000,"EGP"
21538,112,5/12/2018 0:00:00,137544,,"EGP","1st installment of our legal service fees for Appeals No. 1744, 1851 / 22j, and cassation No. 20977 / 88j, (USD 7,700)","Paid","Service",1,16/1/2019 0:00:00,1,0,
21543,53,1/1/2019 0:00:00,58947,,"EGP","2nd installment of our legal fees for case no. 1026/2010 (USD 3,300)","Paid","Service",1,3/2/2019 0:00:00,0,0,
21545,92,12/12/2018 0:00:00,41250,,"EGP","2nd installment of our legal service fees for retainer agreement dated 1/7/2018","Paid","Service",1,25/12/2018 0:00:00,0,0,
21557,104,1/1/2019 0:00:00,22000,,"EGP","2nd installment of our legal service fees for case no. 3659/2018.","Paid","Service",1,3/2/2019 0:00:00,0,0,
21558,50,24/12/2018 0:00:00,11000,,"EGP","2nd installment of our legal fees for case no. 595/2016","Paid","Service",1,3/2/2019 0:00:00,0,0,
21562,115,27/12/2018 0:00:00,33000,,"EGP","1st installment of our legal service fees for filing an appeal on the judgment of case No. 595 / 2016, against Mustafa Shehata Bedaiwi","Paid","Service",1,17/2/2019 0:00:00,1,0,
21563,115,27/12/2018 0:00:00,3000,,"EGP","In advance admin fees for filing an appeal on the judgment of case No. 595 / 2016, against Mustafa Shehata Bedaiwi","Paid","Expenses",0,17/2/2019 0:00:00,0,0,
21566,53,1/1/2019 0:00:00,5416,,"EGP","Actual expenses for case no. 1026/2010.","Paid","Expenses",0,17/2/2019 0:00:00,0,0,
21567,37,3/1/2019 0:00:00,10000,,"EGP","New amount to cover expenses and admin fees for appeal no. 10587/21j","Paid","Expenses",0,28/5/2019 0:00:00,0,0,
21570,116,10/1/2019 0:00:00,33000,,"EGP","1st installment of our legal service fees for Appeal No. 6162 / 22j","Paid","Service",1,17/2/2019 0:00:00,0,0,
21571,116,10/1/2019 0:00:00,3000,,"EGP","in advance admin fees for Appeal No. 6162 / 22j","Paid","Expenses",0,17/2/2019 0:00:00,0,0,
21574,91,13/1/2019 0:00:00,192500,,"EGP","2nd installment of our legal service fees for retainer agreement (articles 1 & 2)","Paid","Service",1,5/3/2019 0:00:00,0,0,
21580,120,20/1/2019 0:00:00,44000,,"EGP","2nd installment of our legal service fees for cases against ""United Co. for Poultry Production""","Paid","Service",1,20/2/2019 0:00:00,0,0,
21587,117,20/1/2019 0:00:00,178693,,"EGP","1st installment of retainer agreement, due within 1/1/2019","Paid","Service",0,22/1/2019 0:00:00,0,0,
21588,117,20/1/2019 0:00:00,1000,,"USD","in advance admin fees for retainer agreement ended at 31/12/2019","Paid","Expenses",0,22/1/2019 0:00:00,0,0,
21589,77,20/1/2019 0:00:00,200,,"USD","In advance admin fees for reviewing & amending contract of distribution the company products in South Africa","Paid","Expenses",0,22/1/2019 0:00:00,0,0,
21590,79,21/1/2019 0:00:00,27500,,"EGP","3rd installment of our legal service fees for case no. 9886/2014.","Paid","Service",1,30/1/2019 0:00:00,0,0,
21591,119,28/1/2019 0:00:00,44000,,"EGP","1st installment of our legal service fees for cassation case on the judgment of appeal no. 302 / 2018","Unpaid","Service",1,,0,44000,"EGP"
21592,119,28/1/2019 0:00:00,5000,,"EGP","In advance admin fees for cassation case on the judgment of appeal no. 302 / 2018","Unpaid","Expenses",0,,0,5000,"EGP"
21593,48,28/1/2019 0:00:00,22000,,"EGP","2nd installment of our legal fees for case no. 6343/2013 + in advance admin fees","Paid","Service",1,17/2/2019 0:00:00,0,0,
21594,52,28/1/2019 0:00:00,11000,,"EGP","2nd installment of our legal fees for case no. 4287/2014","Paid","Service",1,17/2/2019 0:00:00,0,0,
21595,66,28/1/2019 0:00:00,22000,,"EGP","2nd installment of our legal service fees for appeal no. 302/2018","Paid","Service",1,31/1/2019 0:00:00,0,0,
21596,65,28/1/2019 0:00:00,22000,,"EGP","2nd installment of our legal service fees for appeal no. 302/2018","Unpaid","Service",1,,0,22000,"EGP"
21600,121,30/1/2019 0:00:00,27500,,"EGP","Our legal service fees for Filing a cassation case on the judgment of appeal no. 302 / 2018, against General Prosecution","Paid","Service",1,14/4/2019 0:00:00,0,0,
21601,121,30/1/2019 0:00:00,2500,,"EGP","In advance admin fees for Filing a cassation case on the judgment of appeal no. 302 / 2018, against General Prosecution","Paid","Expenses",0,14/4/2019 0:00:00,0,0,
21602,122,30/1/2019 0:00:00,245703,13750,"EGP","1st installment of our legal service fees for Case No. 878 / 10j","Paid","Service",1,,0,245703,"EGP"
21603,122,30/1/2019 0:00:00,5000,,"EGP","In advance admin fees for Case No. 878 / 10j","Paid","Expenses",0,,0,5000,"EGP"
21611,123,11/2/2019 0:00:00,82500,,"EGP","1st installment of our legal service fees for appeal on case no. 488/2016","Paid","Service",1,13/2/2019 0:00:00,0,0,
21612,123,11/2/2019 0:00:00,3000,,"EGP","In advance admin fees for appeal on case no. 488/2016","Paid","Expenses",0,4/2/2019 0:00:00,0,0,
21613,125,11/2/2019 0:00:00,193655,,"EGP","Our legal service fees for capital increasing procedures. (USD 11,000)","Paid","Service",1,11/2/2019 0:00:00,0,0,
21614,125,11/2/2019 0:00:00,5000,,"EGP","In advance admin fees for capital increasing procedures.","Paid","Expenses",0,11/2/2019 0:00:00,0,0,
21615,124,11/2/2019 0:00:00,60500,,"EGP","Our legal service fees for case no. 6443/68j","Paid","Service",1,5/3/2019 0:00:00,0,0,
21616,124,11/2/2019 0:00:00,5000,,"EGP","In advance admin fees for case no. 6443/68j","Paid","Expenses",0,11/2/2019 0:00:00,0,0,
21618,112,21/2/2019 0:00:00,36891,2095,"EGP","Fees (USD 2,095) Legal opinion with hourly rate (6.35 hr = USD 2,444.75 including VAT)","Partially Paid","Service",1,,0,,
21624,127,21/2/2019 0:00:00,33000,,"EGP","1st installment of our legal fees for appeal No. 1463/23j.","Paid","Service",1,9/5/2019 0:00:00,0,0,
21625,127,20/2/2019 0:00:00,3000,,"EGP","In advance admin fees for appeal No. 1463/23j.","Paid","Expenses",0,9/5/2019 0:00:00,0,0,
21626,128,20/2/2019 0:00:00,33000,,"EGP","1st installment of our legal fees for appeal No. 1463/23j.","Paid","Service",1,9/5/2019 0:00:00,0,0,
21627,128,20/2/2019 0:00:00,3000,,"EGP","In advance admin fees for appeal No. 1463/23j.","Paid","Expenses",0,9/5/2019 0:00:00,0,0,
21628,129,20/2/2019 0:00:00,33000,,"EGP","1st installment of our legal fees for appeal No. 884/23j.","Paid","Service",1,9/5/2019 0:00:00,0,0,
21629,129,20/2/2019 0:00:00,3000,,"EGP","In advance admin fees for appeal No. 884/23j.","Paid","Expenses",0,9/5/2019 0:00:00,0,0,
21630,126,20/2/2019 0:00:00,33000,,"EGP","1st installment of our legal fees for appeal No. 1463/23j.","Paid","Service",1,9/5/2019 0:00:00,0,0,
21631,126,20/2/2019 0:00:00,3000,,"EGP","In advance admin fees for appeal No. 1463/23j.","Paid","Expenses",0,9/5/2019 0:00:00,0,0,
21640,103,3/3/2019 0:00:00,166035,,"EGP","Additional hours exceeded the cap.","Paid","Service",1,24/4/2019 0:00:00,0,0,
21641,130,3/3/2019 0:00:00,22000,,"EGP","Our legal service fees for cassation no. 17714/9j","Paid","Service",1,7/3/2019 0:00:00,0,0,
21642,130,3/3/2019 0:00:00,2000,,"EGP","In advance admin fees for cassation no. 17714/9j","Unpaid","Expenses",0,,0,2000,"EGP"
21643,137,4/3/2019 0:00:00,19227,,"EGP","1st installment (USD 1,000) of our legal service fees for case no. 1990/2018.","Paid","Service",1,7/3/2019 0:00:00,0,0,
21645,144,4/3/2019 0:00:00,38455,,"EGP","Our legal service fees (USD 2,000) for legal opinion about the betting in the egyptian legislation","Paid","Service",1,7/3/2019 0:00:00,0,0,
21646,145,4/3/2019 0:00:00,96137,,"EGP","Our legal service fees (USD 5,000) for legal opinion about case no. 397 / 2017","Paid","Service",1,7/3/2019 0:00:00,0,0,
21647,142,4/3/2019 0:00:00,57682,,"EGP","our legal service fees (USD 3,000) for legal opinion about transferring money to Liberia Football association.","Paid","Service",1,7/3/2019 0:00:00,0,0,
21648,143,4/3/2019 0:00:00,19227,,"EGP","1st installment (USD 1,000) of our legal service fees for case no. 990/2018.","Paid","Service",1,7/3/2019 0:00:00,0,0,
21650,135,4/3/2019 0:00:00,19227,,"EGP","1st installment (USD 1,000) of our legal service fees for case no. 5478/2018.","Paid","Service",1,7/3/2019 0:00:00,0,0,
21651,136,4/3/2019 0:00:00,19227,,"EGP","1st installment (USD 1,000) of our legal service fees for case no. 1242/2015.","Paid","Service",1,7/3/2019 0:00:00,0,0,
21655,77,13/3/2019 0:00:00,2140,,"EGP","expenses settlement","Paid","Expenses",0,18/3/2019 0:00:00,0,0,
21661,123,24/3/2019 0:00:00,82500,,"EGP","2nd installment of our legal service fees for appeal on case no. 488/2016","Paid","Service",1,18/3/2019 0:00:00,0,,
21665,38,4/4/2019 0:00:00,44000,,"EGP","second installment of our legal service fees","Paid","Service",1,11/4/2019 0:00:00,0,0,
21669,131,8/4/2019 0:00:00,284691,16500,"EGP","Our legal service fees for cassation No. 7249/89j.","Paid","Service",1,,0,284691,"EGP"
21670,131,8/4/2019 0:00:00,5000,,"EGP","in advance admin fees for cassation No. 7249/89j.","Paid","Expenses",0,,0,5000,"EGP"
21672,132,8/4/2019 0:00:00,110000,,"EGP","Our legal service fees for filing a complaint against First Investment & Real estate Development (including VAT)","Partially Paid","Service",1,26/3/2019 0:00:00,0,10000,"EGP"
21673,133,8/4/2019 0:00:00,284691,,"EGP","1st  installment (USD 15,000) of our legal service fees","Paid","Service",1,8/4/2019 0:00:00,0,0,
21674,133,8/4/2019 0:00:00,15000,,"EGP","in advance admin fees","Paid","Expenses",0,8/4/2019 0:00:00,0,0,
21677,138,9/4/2019 0:00:00,189794,,"EGP","2nd installment of our legal services fees in relation to case no. 41490/68j.","Unpaid","Service",1,,0,,
21678,138,9/4/2019 0:00:00,2421,,"EGP","Actual expenses for case no. 41490/68j.","Unpaid","Expenses",0,,0,,
21679,134,14/4/2019 0:00:00,11000,,"EGP","1st installment of our legal service fees for appeal no. 3812 / 23j.","Paid","Service",1,30/7/2019 0:00:00,0,0,
21680,134,14/4/2019 0:00:00,2000,,"EGP","in advance admin fees in relation to Appeal No. 3812 / 23j","Paid","Expenses",0,,0,2000,"EGP"
21684,81,18/4/2019 0:00:00,237510,,"EGP","3rd installment of our legal service fees for  cassation cases 5321,5428,5431,5461/88j","Paid","Service",1,25/6/2019 0:00:00,0,0,
21685,81,18/4/2019 0:00:00,10000,,"EGP","In advance admin fees for cassation cases.","Paid","Expenses",0,,0,10000,"EGP"
21689,92,6/5/2019 0:00:00,41250,,"EGP","3rd installment of our legal service fees for retainer agreement dated 1/7/2018","Paid","Service",1,18/6/2019 0:00:00,0,0,
21690,133,6/5/2019 0:00:00,188368,,"EGP","2nd installment (USD 11,000) of our legal service fees, including VAT.","Paid","Service",1,3/7/2019 0:00:00,0,,
21699,37,22/5/2019 0:00:00,171244,,"EGP","2nd installment (USD 10,000) of our legal service fees","Paid","Service",0,10/6/2019 0:00:00,0,0,
21700,37,26/5/2019 0:00:00,9162,,"EGP","Actual expenses","Paid","Expenses",0,10/6/2019 0:00:00,0,0,
21704,146,11/6/2019 0:00:00,150000,,"EGP","Our legal service fees for handling the inspection before GAFI.","Paid","Service",1,1/9/2019 0:00:00,0,0,
21705,146,11/6/2019 0:00:00,5000,,"EGP","In advance admin fees for handling the inspection before GAFI.","Paid","Expenses",0,26/6/2019 0:00:00,0,0,
21709,159,18/7/2019 0:00:00,83337,,"EGP","Actual expenses through 18/07/2019.","Paid","Expenses",0,28/7/2019 0:00:00,0,0,
21712,112,24/6/2019 0:00:00,3300,,"USD","2nd installment of our legal service fees for cassation no. 20977 / 88j","Paid","Service",1,,0,,
21713,20,26/6/2019 0:00:00,27500,,"EGP","2nd installment of our legal fees, article (2), for dispute with Anwar Abd El-Salam + in advance admin fees","Unpaid","Service",1,,0,27500,"EGP"
21717,160,1/7/2019 0:00:00,137500,,"EGP","1st installment of our legal service fees for Retainer agreement from 01/06/2019 to 31/05/2020.","Paid","Service",1,11/7/2019 0:00:00,0,0,
21718,160,1/7/2019 0:00:00,10000,,"EGP","In advance admin fees for Retainer agreement from 01/06/2019 to 31/05/2020.","Paid","Expenses",0,11/7/2019 0:00:00,0,0,
21720,117,2/7/2019 0:00:00,166528,,"EGP","2nd installment of retainer agreement, due within 1/7/2019","Paid","Service",0,10/7/2019 0:00:00,0,0,
21721,98,2/7/2019 0:00:00,30000,,"EGP","2nd installment of our legal service fees for Case no. 66 / 135j, nullity of sports arbitration judgment for case no. 159 / 1j 2017, against Fouad Shoukry","Partially Paid","Service",1,,0,30000,"EGP"
21722,161,2/7/2019 0:00:00,192500,,"EGP","1st installment of our legal service fees of Retainer Agreement from 1/7/2019 until 30/6/2020","Paid","Service",1,1/8/2019 0:00:00,0,0,
21727,120,9/7/2019 0:00:00,44000,,"EGP","3rd installment of our legal service fees for cases against ""United Co. for Poultry Production""","Paid","Service",1,,0,,
21729,159,18/7/2019 0:00:00,366365,,"EGP","Our legal service fees (1st & 2nd installments) for Domestic factory.","Paid","Service",1,8/8/2019 0:00:00,0,0,
21730,42,18/7/2019 0:00:00,2556,,"EGP","Actual expenses.","Paid","Expenses",0,,0,2556,"EGP"
21732,159,25/7/2019 0:00:00,330449,,"EGP","Our legal service fees (1st & 2nd installments) for Free Zone.","Paid","Service",0,5/8/2019 0:00:00,0,0,
21743,92,8/8/2019 0:00:00,41250,,"EGP","4th installment of our legal service fees for retainer agreement dated 1/7/2018","Paid","Service",1,,0,41250,"EGP"
21744,133,8/8/2019 0:00:00,181696,,"EGP","3rd installment (USD 11,000) of our legal service fees, including VAT.","Paid","Service",1,,0,0,
21745,114,14/8/2019 0:00:00,11000,,"EGP","2nd installment of our legal service fees in relation to Appeal no. 354 / 21j","Paid","Service",1,,0,11000,"EGP"
21752,92,27/8/2019 0:00:00,10000,,"EGP","Actual expenses + advanced adim fees.","Paid","Expenses",0,,0,10000,"EGP"
21754,155,1/9/2019 0:00:00,55000,,"EGP","4th installment of our legal service fees for case no. 1589/2011, 78590/70j.","Unpaid","Service",1,,0,,
21755,6,1/9/2019 0:00:00,90774,,"EGP","2nd installment of our legal services fees in relation to Case no. 39054 / 68 J.","Paid","Service",1,,0,,
21756,69,1/9/2019 0:00:00,10000,,"EGP","In advance admin fees for case no. 212/132j.","Paid","Expenses",0,,0,,
21765,11,10/9/2019 0:00:00,11000,,"EGP","3rd installment of our legal service fees for case no. 106872 / 61j.","Paid","Service",1,,0,,
21767,164,10/9/2019 0:00:00,100000,,"EGP","1st installment of our legal service fees for case no. 6955/2017","Paid","Service",0,,0,,
21768,164,10/9/2019 0:00:00,10000,,"EGP","In advance admin fees for case no. 6955/2017","Unpaid","Expenses",0,,0,,
21770,17,15/9/2019 0:00:00,11000,,"EGP","3rd installment of our legal service fees for case no. 74219/62j","Unpaid","Service",1,,0,,
21771,127,15/9/2019 0:00:00,11000,,"EGP","2nd installment of our legal fees for appeal No. 1463/23j.","Paid","Service",1,,0,,
21772,9,16/9/2019 0:00:00,8250,,"EGP","2nd installment of our legal service fees for case no. 770/7j.","Paid",,0,,0,,
21773,168,23/9/2019 0:00:00,110000,,"EGP","1st installment of our legal service fees for case no. 320/6j, reviewed after annulment of cassation no. 5428, 5431/88j.","Paid","Service",1,,0,,
21776,168,23/9/2019 0:00:00,5000,,"EGP","In advance admin fees for case no. 320/6j, reviewed after annulment of cassation no. 5428, 5431/88j.","Paid","Expenses",0,,0,,
21779,167,25/9/2019 0:00:00,544645,,"EGP","1st installment (USD 30,000) of our legal service fees for filing a cassation case on judgment of economical misdemeanor no. 434/2019.","Paid","Service",1,,0,,
21780,169,25/9/2019 0:00:00,907742,,"EGP","1st installment (USD 50,000) of our legal service fees for filing a dispute before GAFI","Paid","Service",1,,0,,
21781,169,25/9/2019 0:00:00,20000,,"EGP","In advance admin fees for filing a dispute before GAFI","Paid","Expenses",0,,0,,
21783,129,3/10/2019 0:00:00,11000,,"EGP","2nd installment of our legal fees for appeal No. 884/23j.","Paid","Service",1,,0,,
21784,134,13/10/2019 0:00:00,11000,,"EGP","2nd installment of our legal service fees for appeal no. 3812 / 23j.","Paid","Service",1,,0,,
21786,149,13/10/2019 0:00:00,27500,,"EGP","2nd installment of our legal service fees for Cases No. 287/2013 & 239/2014","Paid","Service",1,,0,,
21799,172,13/11/2019 0:00:00,22000,,"EGP","Our legal service fees for Request No. 39 / 2018","Unpaid","Service",1,,0,,
21800,172,13/11/2019 0:00:00,10000,,"EGP","In advance admin fees & expenses.","Partially Paid","Expenses",0,,0,,
21801,173,13/11/2019 0:00:00,9735,,"EGP","5% (USD550) of USD11K collected from Khaled Ibrahim.","Paid","Service",1,,0,,
21802,173,13/11/2019 0:00:00,5448,,"EGP","Actual expenses","Paid","Expenses",0,,0,,
21809,19,3/12/2019 0:00:00,22000,,"EGP","2nd installment of our legal service fees in relation to case no. 807 / 2016","Paid","Service",1,,0,,
21819,160,8/12/2019 0:00:00,137500,,"EGP","2nd installment of our legal service fees for Retainer agreement from 01/06/2019 to 31/05/2020.","Paid","Service",1,,0,,
21820,162,8/12/2019 0:00:00,33000,,"EGP","1st installment of our legal service fees for retainer agreement from 1/7/2019 to 30/6/2020.","Paid","Service",1,,0,,
21821,93,8/12/2019 0:00:00,33000,,"EGP","Our legal service fees in relation to Relocating the branch of Gam'et El-Dowal st., to Mohie El-Din Abo El-Ezz st.","Paid","Service",1,,0,,
21822,133,8/12/2019 0:00:00,176715,,"EGP","4th installment (USD 11,000) of our legal service fees, including VAT.","Paid","Service",1,,0,,
21823,173,9/12/2019 0:00:00,2750,,"EGP","5% (EGP 2.5K) of EGP 50K collected from Khaled Ibrahim.","Paid","Service",1,,0,,
21824,12,12/12/2019 0:00:00,22000,,"EGP","2nd installment of our legal service fees for case no. 4003/2016.","Paid","Service",1,,0,,
21826,174,22/12/2019 0:00:00,33000,,"EGP","1st installment of our legal service fees for appeal No. 12451 / 23j.","Paid","Service",1,,0,,
21827,174,22/12/2020 0:00:00,5000,,"EGP","In advance admin fees for appeal No. 12451 / 23j.","Paid","Expenses",0,,0,,
21829,150,23/12/2019 0:00:00,22000,,"EGP","2nd installment of case no. 440/2012, 2056j, 13819/84j, Amr Habib","Unpaid","Service",1,,0,,
21830,148,25/12/2019 0:00:00,11000,,"EGP","2nd installment of our legal services fees for cases no. 3745, 3774 / 2014.","Paid","Service",1,,0,,
21833,34,29/12/2019 0:00:00,11000,,"EGP","2nd installment of our legal service fees for case no. 5074 / 2017.","Paid","Service",1,,0,,
21836,173,12/1/2020 0:00:00,3025,,"EGP","5% (EGP 2750) of EGP 55K collected from Khaled Ibrahim.","Paid","Service",1,,0,,
21837,175,12/1/2020 0:00:00,10000,,"USD","1st installment of retainer agreement, due within 1/1/2020","Paid","Service",0,,0,,
21839,169,12/1/2020 0:00:00,439810,,"EGP","2nd installment (USD 25,000) of our legal service fees for filing a dispute before GAFI","Paid","Service",1,,0,,
21840,176,12/1/2020 0:00:00,659715,,"EGP","1st installment of our legal service fees for case no. 936 / 11j (USD 41,250 including VAT)","Paid","Service",1,,0,,
21841,176,12/1/2020 0:00:00,20000,,"EGP","In advance admin fees for case no. 936 / 11j.","Paid","Expenses",0,,0,,
21845,181,26/1/2020 0:00:00,44000,,"EGP","1st installment of our legal service fees for case No. 983 / 11j.","Paid","Service",1,,0,,
21846,181,26/1/2020 0:00:00,5000,,"EGP","In advance admin fees for case No. 983 / 11j.","Paid","Expenses",0,,0,,
21848,180,27/1/2020 0:00:00,33000,,"EGP","Our legal service fees for appeal No. 6150/23j.","Unpaid","Service",1,,0,,
21849,180,27/1/2020 0:00:00,5000,,"EGP","In advance admin fees for appeal No. 6150/23j.","Unpaid","Expenses",0,,0,,
21850,178,29/1/2020 0:00:00,16500,,"EGP","Our legal service fees for grievance No. 22 / 2019.","Paid","Service",1,,0,,
21851,178,29/1/2020 0:00:00,20126,,"EGP","Actual expenses for grievance No. 22 / 2019.","Paid","Expenses",0,,0,,
21855,166,4/2/2020 0:00:00,550000,,"EGP","Our success fees for appeal No. 249 / 136j.","Paid","Service",1,,0,,
21858,184,10/2/2020 0:00:00,519730,,"EGP","1st installment (USD 33,000) of our legal service fees for executing judgment of case No. 291 / 2008 (Ismailia), and its appeal No. 790 / 41j.","Paid","Service",1,,0,,
21859,184,10/2/2020 0:00:00,62998,,"EGP","In advance admin fees (USD 4,000) for executing judgment of case No. 291 / 2008 (Ismailia), and its appeal No. 790 / 41j.","Paid","Expenses",0,,0,,
21860,175,11/2/2020 0:00:00,1000,,"USD","Advanced admin fees for retainer agreement, due within 1/1/2020","Paid","Expenses",0,,0,,
21861,183,13/2/2020 0:00:00,11000,,"EGP","Our legal service fees for appeal No. 7965 / 136j.","Paid","Service",1,,0,,
21862,186,16/2/2020 0:00:00,44000,,"EGP","1st installment of our legal service fees for case No. 984 / 11j.","Paid","Service",1,,0,,
21863,186,16/2/2020 0:00:00,5000,,"EGP","In advance admin fees for case No. 984 / 11j.","Paid","Expenses",0,,0,,
21864,185,16/2/2020 0:00:00,44000,,"EGP","1st installment of our legal service fees for case No. 985 / 11j.","Paid","Service",1,,0,,
21865,185,16/2/2020 0:00:00,5000,,"EGP","In advance admin fees for case No. 985 / 11j.","Paid","Expenses",0,,0,,
21867,173,18/2/2020 0:00:00,5456,,"EGP","5% (EGP 4960) of EGP 99,200 collected from Khaled Ibrahim.","Paid","Service",1,,0,,
21869,188,26/2/2020 0:00:00,55000,,"EGP","1st installment of our legal service fees for cassation No. 5092 / 90.","Partially Paid","Service",1,,0,,
21870,188,26/2/2020 0:00:00,3000,,"EGP","In advance admin fees for cassation No. 5092 / 90.","Paid","Expenses",0,,0,,
21873,168,2/3/2020 0:00:00,55000,,"EGP","2nd installment of our legal service fees for case no. 320/6j, reviewed after annulment of cassation no. 5428, 5431/88j.","Paid","Service",1,,0,,
21874,39,2/3/2020 0:00:00,256781,,"EGP","2nd installment (USD 16,500) of our legal fees for Public Prosecutor investigations about a tax evasion","Paid","Service",1,,0,,
21875,189,2/3/2020 0:00:00,5500,,"EGP","Our legal service fees for legal opinion about misdemeanor No. 414 / 2020 Sharm El-Shikh","Unpaid","Service",1,,0,,
21881,173,11/3/2020 0:00:00,8250,,"EGP","5% (EGP 7500) of EGP 150,000 collected from Khaled Ibrahim.","Paid","Service",1,,0,,
21882,111,15/3/2020 0:00:00,44000,,"EGP","2nd installment of our additional legal service fees (Interplast) for case no. 280/2011","Paid","Service",1,,0,,
21883,111,15/3/2020 0:00:00,22000,,"EGP","2nd installmanet of our legal service fees (Aquatec) for case no. 280 / 2011.","Paid","Service",1,,0,,
21884,187,15/3/2020 0:00:00,110000,,"EGP","Our legal service fees for filing an appeal (No. 30336 / 74j) on tax decision.","Paid","Service",1,,0,,
21885,187,15/3/2020 0:00:00,20000,,"EGP","In advance admin fees for case No. 30336 / 74j.","Paid","Expenses",0,,0,,
21886,182,19/3/2020 0:00:00,175078,,"EGP","1st installment (USD 11,250) of our legal service fees for retainer agreement for 2020 (Free Zone)","Paid","Service",0,,0,,
21887,182,19/3/2020 0:00:00,192586,,"EGP","1st installment (USD 12,375) of our legal service fees for retainer agreement for 2020 (Domestic)","Paid","Service",1,,0,,
21888,182,19/3/2020 0:00:00,25000,,"EGP","1st installment of in-advance admin fees for retainer agreement for 2020","Paid","Expenses",0,,0,,
21892,190,22/3/2020 0:00:00,16500,,"USD","1st installment of our legal service fees for filing an appeal on FRA decision of rejecting grievence No. 22/2019.","Paid","Service",1,,0,,
21893,190,22/3/2020 0:00:00,1000,,"USD","In advance admin fees for filing an appeal on FRA decision of rejecting grievence No. 22/2019.","Paid","Expenses",0,,0,,
21894,192,25/3/2020 0:00:00,44000,,"EGP","Our legal service fees for cases No. 443 / 2020, & 492 / 2020.","Paid","Service",1,,0,,
21895,161,25/3/2020 0:00:00,6223,,"EGP","Actual expenses till 8/3/2020.","Paid","Expenses",0,,0,,
21896,161,25/3/2020 0:00:00,192500,,"EGP","2nd installment of our legal service fees of Retainer Agreement from 1/7/2019 until 30/6/2020","Paid","Service",1,,0,,
21898,28,2/4/2020 0:00:00,27500,,"EGP","2nd installment of our legal service fees","Paid","Service",1,,0,,
21899,193,4/5/2020 0:00:00,200000,,"EGP","In advance admin fees for retrieve properties","Paid","Expenses",0,,0,,
21900,170,6/4/2020 0:00:00,86344,5500,"EGP","1st installment of our legal service fees for cases No. 3665 / 2019 & 408 / 2019.","Paid","Service",1,,0,,
21901,170,6/4/2020 0:00:00,5000,,"EGP","In advance admin fees for cases No. 3665 / 2019 & 408 / 2019.","Partially Paid","Expenses",0,,0,,
21902,194,6/4/2020 0:00:00,55000,,"EGP","1st installment of our service fees for financial claim against Mashreq Bank","Paid","Service",1,,0,,
21903,194,6/4/2020 0:00:00,3000,,"EGP","In advance admin fees for financial claim against Mashreq Bank","Paid","Expenses",0,,0,,
21904,163,12/4/2020 0:00:00,49500,,"EGP","1st installment of our leagl service fees for advises from 1/7/2019 to 30/6/2020.","Paid","Service",1,,0,,
21908,162,19/4/2020 0:00:00,33000,,"EGP","2nd installment of our legal service fees for retainer agreement from 1/7/2019 to 30/6/2020.","Paid","Service",1,,0,,
21914,173,26/4/2020 0:00:00,561,,"EGP","5% (EGP 510) of EGP 10,200 collected from Khaled Ibrahim.","Paid","Service",1,,0,,
21915,195,28/4/2020 0:00:00,16500,,"USD","Our legal service fees for cassation No. 5708 / 90j.","Paid","Service",1,,0,,
21916,195,28/4/2020 0:00:00,500,,"USD","In advance admin fees for cassation No. 5708 / 90j.","Paid","Expenses",0,,0,,
21917,177,6/5/2020 0:00:00,27500,,"EGP","Our success fees for case No. 1332 / 2019.","Canceled","Service",1,,0,,
21920,169,10/5/2020 0:00:00,431712,,"EGP","3rd installment (USD 25,000) of our legal service fees for filing a dispute before GAFI","Paid","Service",1,,0,,
21921,177,11/5/2020 0:00:00,1413,,"EGP","Actual expenses tell 06/05/2020.","Paid","Expenses",0,,0,,
21927,173,1/6/2020 0:00:00,44000,,"EGP","5% (EGP 40K) of EGP 800K collected from Khaled Ibrahim.","Paid","Service",1,,0,,
21932,191,7/6/2020 0:00:00,66000,,"EGP","Our legal service fees for appeal No. 108 / 137j.","Paid","Service",1,,0,,
21933,191,7/6/2020 0:00:00,5000,,"EGP","In advance admin fees for appeal No. 108 / 137j.","Paid","Expenses",0,,0,,
21936,197,10/6/2020 0:00:00,137500,,"EGP","1st installment (EGP125K) of our legal service fees for the retainer agreement starts at 01/06/2020.","Paid","Service",1,,0,,
21937,197,10/6/2020 0:00:00,10000,,"EGP","In advance admin fees for the retainer agreement starts at 01/06/2020.","Paid","Expenses",0,,0,,
21944,198,21/6/2020 0:00:00,435553,,"EGP","Our legal service fees (USD 25K) for cassation No. 6874 / 90j.","Paid","Service",1,,0,,
21945,198,21/6/2020 0:00:00,5000,,"EGP","In advance admin fees for cassation No. 6874 / 90j.","Paid","Expenses",0,,0,,
21946,113,22/6/2020 0:00:00,27500,,"EGP","2nd installment of our legal service fees for case no. 1344/2017","Unpaid","Service",1,,0,,
21947,97,22/6/2020 0:00:00,16500,,"EGP","2nd installment of our legal service fees for cassation no. 7099/88j.","Unpaid","Service",1,,0,0,
21948,96,22/6/2020 0:00:00,16500,,"EGP","2nd installment of our legal service fees for cassation no. 6785/88j.","Unpaid","Service",1,,0,0,
21949,15,22/6/2020 0:00:00,27500,,"EGP","2nd installment of our legal service fees in relation to Case no. 630/2016.","Unpaid","Service",1,,0,,
21950,174,22/6/2020 0:00:00,11000,,"EGP","2nd installment of our legal service fees for appeal No. 12451 / 23j.","Unpaid","Service",1,,0,,
21952,111,24/6/2020 0:00:00,10000,,"EGP","In advance admin fees for appeal No. 105 / 137j.","Paid","Expenses",0,,0,,
21955,182,21/7/2020 0:00:00,199075,,"EGP","2nd installment (USD 12,375) of our legal service fees for retainer agreement for 2020 (Domestic)","Paid","Service",1,,0,,
21956,182,21/7/2020 0:00:00,180978,,"EGP","2nd installment (USD 11,250) of our legal service fees for retainer agreement for 2020 (Free Zone)","Paid","Service",0,,0,,
21957,182,21/7/2020 0:00:00,25000,,"EGP","2nd installment of in-advance admin fees for retainer agreement for 2020","Paid","Expenses",0,,0,,
21958,175,5/7/2020 0:00:00,10000,,"USD","2nd installment of retainer agreement, due within 1/1/2020","Paid","Service",0,,0,,
21959,115,6/7/2020 0:00:00,11000,,"EGP","2nd installment of our legal service fees for filing an appeal on the judgment of case No. 595 / 2016, against Mustafa Shehata Bedaiwi","Paid","Service",1,,0,,
21960,204,6/7/2020 0:00:00,68750,,"EGP","Our success fees (EGP 62,500) represent 2.5% of collected amount (EGP 2,500,000).","Paid","Service",1,,0,,
21962,199,6/7/2020 0:00:00,265434,,"EGP","1st installment (USD 16.5K) of our legal service fees for cases No. 216, 229 / 12j.","Paid","Service",1,,0,,
21963,199,6/7/2020 0:00:00,10000,,"EGP","In advance admin fees for cases No. 216, 229 / 12j.","Paid","Expenses",0,,0,,
21966,173,12/7/2020 0:00:00,11000,,"EGP","5% (EGP 10K) of EGP 200K collected from Khaled Ibrahim.","Paid","Service",1,,0,,
21967,177,12/7/2020 0:00:00,16500,,"EGP","Our fees for additional actions.","Paid","Service",1,,0,,
21969,205,13/7/2020 0:00:00,330000,,"EGP","1st installment of our legal service fees for filing a case to terminate the sharing deal","Paid","Service",1,,0,,
21970,205,13/7/2020 0:00:00,5000,,"EGP","Advanced admin fees for filing a case to terminate the sharing deal.","Paid","Expenses",0,,0,,
21972,179,13/7/2020 0:00:00,27500,,"EGP","Our legal service fees for Cassation on the judgment of appealed misdemeanor No. 1332/2019.","Paid","Service",1,,0,,
21973,179,13/7/2020 0:00:00,2000,,"EGP","Advanced admin fees for Cassation on the judgment of appealed misdemeanor No. 1332/2019.","Paid","Expenses",0,,0,,
21974,200,14/7/2020 0:00:00,7700,,"EGP","Our legal service fees in relation to Notification and legal opinion to OK Sky Link","Paid","Service",1,,0,,
21977,206,20/7/2020 0:00:00,7700,,"EGP","Our legal service fees concerning reviewing contract of agreement and settlement with OK Sky Link","Paid","Service",1,,0,,
21978,163,21/7/2020 0:00:00,49500,,"EGP","2nd installment of our leagl service fees for advises from 1/7/2019 to 30/6/2020.","Paid","Service",1,,0,,
21980,201,26/7/2020 0:00:00,9000,,"EGP","In advance Admin fees for retainer agreement from 01/07/2020 to 30/06/2021.","Paid","Expenses",0,,0,,
21981,151,28/7/2020 0:00:00,11000,,"EGP","3rd installment of our legal service fees for case no. 2677/60j.","Unpaid","Service",1,,0,,
21985,107,4/8/2020 0:00:00,11000,,"EGP","2nd installment of our legal service fees for appeal no. 5420/22j.","Paid","Service",1,,0,,
21989,206,9/8/2020 0:00:00,6600,,"EGP","Our legal service fees concerning additional revision of contract of agreement and settlement with OK Sky Link.","Paid","Service",1,,0,,
21990,173,11/8/2020 0:00:00,4950,,"EGP","5% (EGP 4,500) of EGP 90K collected from Khaled Ibrahim.","Paid","Service",1,,0,,
21991,173,12/8/2020 0:00:00,2008,,"EGP","5% (EGP 1,825) of EGP 36,500 collected from Khaled Ibrahim.","Paid","Service",1,,0,,
22001,213,3/9/2020 0:00:00,55000,,"EGP","1st part of 1st installment of our legal service fees for retainer agreement from 31/8/2020 to","Paid","Service",1,,0,,
22002,213,3/9/2020 0:00:00,5000,,"EGP","1st part of advanced admin fees for retainer agreement from 31/8/2020 to","Paid","Expenses",0,,0,,
22003,201,3/9/2020 0:00:00,192500,,"EGP","1st installment of our fees for Retainer Agreement from 1/7/2020 till 30/6/2021","Paid","Service",1,,0,,
22004,202,3/9/2020 0:00:00,33000,,"EGP","1st installment of our fees for retainer agreement of 5 litigation cases, from 1/7/2020 till 30/6/2021.","Paid","Service",1,,0,,
22006,173,7/9/2020 0:00:00,13200,,"EGP","5% (EGP 12K) of EGP 240K collected from Khaled Ibrahim.","Paid","Service",1,,0,,
22009,208,8/9/2020 0:00:00,38500,,"EGP","1st installment of our fees for case No. 468/2020.","Paid","Service",1,,0,,
22010,208,8/9/2020 0:00:00,3000,,"EGP","In advance admin fees for case No. 468/2020.","Paid","Expenses",0,,0,,
22012,209,16/9/2020 0:00:00,22000,,"EGP","1st installment of our legal service fees for performing a reconciliation with FRA about case No. 995 / 2018.","Paid","Service",1,,0,,
22013,209,16/9/2020 0:00:00,6000,,"EGP","In advance admin fees for performing a reconciliation with FRA about case No. 995 / 2018.","Paid","Expenses",0,,0,,
22015,210,24/9/2020 0:00:00,5500,,"EGP","Our legal service fees for legal opinion about misdemeanor No. 588/2020 El-Zaitoun","Paid","Service",1,,0,,
22016,157,24/9/2020 0:00:00,5000,,"EGP","In advance admin fees for case No. 128/2020.","Unpaid","Expenses",0,,0,,
22017,157,24/9/2020 0:00:00,5000,,"EGP","In advance admin fees for case No. 129/2020.","Unpaid","Expenses",0,,0,,
22018,157,24/9/2020 0:00:00,5000,,"EGP","In advance admin fees for case No. 130/2020.","Unpaid","Expenses",0,,0,,
22025,194,6/10/2020 0:00:00,55000,,"EGP","2nd installment of our service fees for financial claim against Mashreq Bank","Paid","Service",1,,0,,
22029,197,26/10/2020 0:00:00,5000,,"EGP","Expert fees.","Paid","Expenses",0,,0,,
22030,211,26/10/2020 0:00:00,143000,,"EGP","1st installment (EGP130K) of our legal service fees  for handling 13 labour cases.","Paid","Service",1,,0,,
22031,211,26/10/2020 0:00:00,10000,,"EGP","In advance admin fees for handling 13 labour cases.","Unpaid","Expenses",0,,0,,
22037,173,18/11/2020 0:00:00,32560,,"EGP","5% (EGP 29,600) of EGP 592K collected from Khaled Ibrahim.","Paid","Service",1,,0,,
22038,213,22/11/2020 0:00:00,55000,,"EGP","2nd part of 1st installment of our legal service fees for retainer agreement from 31/8/2020 to 30/8/2021.","Paid","Service",1,,0,,
22039,213,22/11/2020 0:00:00,5000,,"EGP","2nd part of advanced admin fees for retainer agreement from 31/8/2020 to","Paid","Expenses",0,,0,,
22040,215,30/11/2020 0:00:00,27500,,"EGP","Our legal service fees for cassation No. 12874/86j.","Partially Paid","Service",1,,0,,
22041,215,30/11/2020 0:00:00,5000,,"EGP","In advance admin exenses for cassation No. 12874/86j.","Unpaid","Expenses",0,,0,,
22046,213,2/12/2020 0:00:00,82500,,"EGP","3rd part of 1st installment of our legal service fees for retainer agreement from 31/8/2020 to 30/8/2021.","Paid","Service",1,,0,,
22049,197,8/12/2020 0:00:00,137500,,"EGP","2nd installment of our fees for the retainer agreement starts at 01/06/2020.","Paid","Service",0,,0,,
22051,217,8/12/2020 0:00:00,10000,,"EGP","in advance admin fees for handling 21 labor cases","Paid","Expenses",0,,0,,
22055,216,9/12/2020 0:00:00,330000,,"EGP","1st installment of our legal service fees for retainer agreement from 1/12/2020 to 30/11/2021, cap. 10 cases","Partially Paid","Service",1,,0,,
22056,216,9/12/2020 0:00:00,30000,,"EGP","in advance admin fees for retainer agreement","Paid","Expenses",0,,0,,
22057,219,14/12/2020 0:00:00,165000,,"EGP","1st installment of our service fees for case No. 3063/2020.","Paid","Service",1,,0,,
22058,219,14/12/2020 0:00:00,5000,,"EGP","in advance admin fees for case No. 3063/2020.","Paid","Expenses",0,,0,,
22059,147,15/12/2020 0:00:00,430792,,"EGP","Our success fees (5%) of amount (EGP 7,832,589) for judgment of case No. 78052/70j.","Paid","Service",1,,0,,
22068,211,6/1/2021 0:00:00,132000,,"EGP","1st part of 2nd installment (EGP120K) of our legal service fees for handling 13 labour cases.","Unpaid","Service",1,,0,,
22072,218,17/1/2021 0:00:00,86263,5000,"EGP","Our service fees for cassation No. 17601 / 90j.","Paid","Service",1,,0,,
22073,218,17/1/2021 0:00:00,3000,,"EGP","In advance admin fees for cassation No. 17601 / 90j.","Paid","Expenses",0,,0,,
22074,196,20/1/2021 0:00:00,86263,5000,"EGP","Our service fees for appeal No. 376/12j.","Paid","Service",0,,0,,
22075,220,21/1/2021 0:00:00,10000,10000,"USD","1st installment of our legal service fees for retainer agreement from 1/1/2021 to 31/12/2021, cap. 10 cases","Paid","Service",0,,0,,
22076,220,21/1/2021 0:00:00,1000,1000,"USD","In advance admin fees","Paid","Expenses",0,,0,,
22080,244,1/2/2021 0:00:00,3850,3850,"USD","1st installment of our legal service fees for case No. 28/13j","Paid","Service",1,,0,,
22081,244,1/2/2021 0:00:00,638,638,"USD","in advance admin fees","Paid","Expenses",0,,0,,
22082,213,1/2/2021 0:00:00,173250,,"EGP","2nd installment (EGP175K + 10% discount) of our legal service fees for retainer agreement from 31/8/2020 to 30/8/2021.","Paid","Service",1,,0,,
22083,211,3/2/2021 0:00:00,11000,,"EGP","2nd part of 2nd installment (EGP10K) of our legal service fees for handling 13 labour cases.","Unpaid","Service",1,,0,,
22084,217,3/2/2021 0:00:00,90750,,"EGP","(1b) 2nd installment of 1st part (EGP 82,500)","Unpaid","Service",1,,0,,
22085,217,3/2/2021 0:00:00,5500,,"EGP","(2b) Part of 2nd installment of 2nd part (EGP 5,000)","Unpaid","Service",1,,0,,
22086,209,3/2/2021 0:00:00,11000,,"EGP","2nd installment of our legal service fees for performing a reconciliation with FRA about case No. 995 / 2018.","Paid","Service",1,,0,,
22092,246,4/2/2021 0:00:00,44000,,"EGP","Fees for 4 cases.","Unpaid","Service",1,,0,,
22093,246,4/2/2021 0:00:00,5000,,"EGP","In advance admin fees","Unpaid","Expenses",0,,0,,
22095,243,11/2/2021 0:00:00,121000,,"EGP","Fees of reconcillation with FRA ""EGP30K"" + 1st installment of case No. 2113/2020 ""EGP80K""","Paid","Service",0,,0,,
22096,243,11/2/2021 0:00:00,5000,,"EGP","In advance admin fees for case No. 2133/2020.","Paid","Expenses",0,,0,,
22097,214,14/2/2021 0:00:00,16500,,"EGP","Our legal service fees (EGP15K) for case No. 1234/2020 (El-Safwa)","Unpaid","Service",1,,0,,
22098,214,14/2/2021 0:00:00,2000,,"EGP","In advance admin fees for case No. 1234/2020","Unpaid","Expenses",0,,0,,
22099,147,17/2/2021 0:00:00,253430,,"EGP","Our success fees (5%) EGP 230,391 of amount (EGP 4,607,821) for judgment of case No. 51341/72j.","Paid","Service",1,,0,,
22101,147,17/2/2021 0:00:00,36152,,"EGP","Actual expenses of related matters.","Paid","Expenses",0,,0,,
22102,216,16/2/2021 0:00:00,330000,,"EGP","2nd installment of our legal service fees for retainer agreement from 1/12/2020 to 30/11/2021, cap. 10 cases","Partially Paid","Service",1,,0,,
22112,254,1/3/2021 0:00:00,55000,,"EGP","Our legal service fees for handling the grievance before GAFI.","Paid","Service",1,,0,,
22113,254,1/3/2021 0:00:00,5000,,"EGP","In advance admin fees for handling the grievance before GAFI.","Paid","Expenses",0,,0,,
22117,237,1/3/2021 0:00:00,3000,,"EGP","In advance admin fees for case No. 9542 / 73j","Paid","Expenses",0,,0,,
22121,126,8/3/2021 0:00:00,11000,,"EGP","2nd installment of our legal fees for appeal No. 1463/23j.","Paid","Service",1,,0,,
22123,205,9/3/2021 0:00:00,220000,,"EGP","2nd installment of our legal service fees for filing a case to terminate the sharing deal","Paid","Service",1,,0,,
22124,254,8/3/2021 0:00:00,55000,,"EGP","Our Success fees for handling the grievance before GAFI.","Paid","Service",1,,0,,
22125,201,9/3/2021 0:00:00,192500,,"EGP","2nd installment of our fees for Retainer Agndreement from 1/7/2020 till 30/6/2021","Partially Paid","Service",1,,0,,
22126,203,9/3/2021 0:00:00,99000,,"EGP","1st & 2nd installment of our fees for advises retainer agreement, from 1/7/2020 till 30/6/2021.","Unpaid","Service",1,,0,,
22127,202,9/3/2021 0:00:00,33000,,"EGP","2nd installment of our fees for retainer agreement of 5 litigation cases, from 1/7/2020 till 30/6/2021.","Unpaid","Service",1,,0,,
22128,202,9/3/2021 0:00:00,10000,,"EGP","In advance admin fees for retainer agreement of 5 litigation cases, from 1/7/2020 till 30/6/2021.","Unpaid","Expenses",0,,0,,
22133,247,15/3/2021 0:00:00,344465,22000,"EGP","1st installment (USD 22K) of our legal service fees for retainer agreement for year 2021 (Domstic)","Unpaid","Service",1,,0,,
22134,247,15/3/2021 0:00:00,20000,,"EGP","50% of advanced admin fees for retainer agreement for year 2021 (Domstic)","Unpaid","Expenses",0,,0,,
22135,248,15/3/2021 0:00:00,39144,2500,"EGP","1st installment (USD 2.5K) of our legal service fees for retainer agreement for year 2021 (Free Zone)","Unpaid","Service",1,,0,,
22136,248,15/3/2021 0:00:00,5000,,"EGP","50% of advanced admin fees for retainer agreement for year 2021 (Free Zone)","Unpaid","Expenses",0,,0,,
22137,216,16/3/2021 0:00:00,10000,,"EGP","in advance admin fees for retainer agreement","Paid","Expenses",0,,0,,
22148,250,6/4/2021 0:00:00,11000,,"EGP","our legal service fees for preparing a legal opinion","Paid","Service",1,,0,,
22150,251,6/4/2021 0:00:00,44000,,"EGP","1st installment of our legal service fees for case No. 982 / 2021.","Unpaid","Service",1,,0,,
22151,251,6/4/2021 0:00:00,5000,,"EGP","In advance admin fees for case No. 982 / 2021","Unpaid","Expenses",0,,0,,
22153,249,8/4/2021 0:00:00,250800,,"EGP","Our legal service fees for handling 19 appeal cases.","Unpaid","Service",1,,0,,
22154,252,21/4/2021 0:00:00,2500,2500,"USD","1st installment of our legal service fees for case No. 336/2021.","Unpaid","Service",0,,0,,
22159,253,21/4/2021 0:00:00,77494,4950,"EGP","1st installment of our legal service fees.","Unpaid","Service",1,,0,,
22160,253,21/4/2021 0:00:00,5000,,"EGP","In advance amdin fees","Unpaid","Expenses",0,,0,,
22161,252,5/5/2021 0:00:00,2500,2500,"USD","2nd installment of our legal service fees for case No. 336/2021.","Unpaid","Service",0,,0,,
22168,246,20/5/2021 0:00:00,132000,,"EGP","Fees for 12 cases.","Unpaid","Service",1,,0,,
22169,246,20/5/2021 0:00:00,11000,,"EGP","Fees for 1 case (2017/2020)","Unpaid","Service",1,,0,,
22186,253,9/6/2021 0:00:00,77362,4950,"EGP","2nd installment of our legal service fees.","Unpaid","Service",1,,0,,
22187,256,16/6/2021 0:00:00,85957,5500,"EGP","our legal service fees for case No. 47886 / 75j.","Unpaid","Service",1,,0,,
22188,257,16/6/2021 0:00:00,257872,16500,"EGP","1st installment of our legal service fees for Criminal case No. 15 / 2020,","Unpaid","Service",1,,0,,
22193,258,22/6/2021 0:00:00,55000,,"EGP","1st installment of our legal service fees for grievance from the decision of of minister of education no. 59 / 2021","Paid","Service",1,,0,,
22194,258,22/6/2021 0:00:00,3000,,"EGP","In advance admin fees for grievance from the decision of of minister of education no. 59 / 2021","Paid","Expenses",0,,0,,
22198,261,24/6/2021 0:00:00,96250,,"EGP","1st installment of our legal service fees for Retainer 1/6/2021 to 31/5/2022","Unpaid","Service",1,,0,,
20190316,122,16/3/2019 0:00:00,12500,,"USD","2nd installment of our legal service fees for Case No. 878 / 10j","Later","Service",0,,0,,
20200201,170,1/2/2020 0:00:00,5000,,"USD","2nd installment of our fees for cases No. 3665 / 2019 & 408 / 2019.","Later","Service",0,,0,,
20210302,208,1/3/2021 0:00:00,15000,,"EGP","2nd installment of our fees for case No. 468/2020.","Later","Service",1,,0,,
20210511,243,11/5/2021 0:00:00,40000,,"EGP","2nd installment of case No. 2113/2020 ""EGP40K""","Later","Service",0,,0,,
20210610,219,10/6/2021 0:00:00,100000,,"EGP","2nd installment of our service fees for case No. 3063/2020.","Later","Service",0,,0,,
20210701,220,1/7/2021 0:00:00,10000,10000,"USD","2nd installment of our legal service fees for retainer agreement from 1/1/2021 to 31/12/2021, cap. 10 cases","Later","Service",0,,0,,
20210702,248,1/7/2021 0:00:00,2500,,"USD","2nd installment of our legal service fees for retainer agreement (Free zone) for year 2021","Later","Service",0,,0,,
20210703,247,1/7/2021 0:00:00,20000,,"USD","2nd installment (USD 22K) of our legal service fees for retainer agreement for year 2021 (Domstic)","Later","Service",0,,0,,
20210910,253,10/9/2021 0:00:00,4500,4500,"USD","3rd installment of our legal service fees.","Later","Service",1,,0,,
20211210,253,10/12/2021 0:00:00,4500,4500,"USD","4th installment of our legal service fees.","Later","Service",1,,0,,
